date,tickersymbol
2019-01-02,ISH
2019-01-02,TSJ
2019-01-02,SVT
2019-01-03,ISH
2019-01-03,TSJ
2019-01-03,SVT
2019-01-04,DNH
2019-01-04,TSJ
2019-01-04,HHC
2019-01-07,DNH
2019-01-07,TSJ
2019-01-07,HHC
2019-01-08,DNH
2019-01-08,TSJ
2019-01-08,SVT
2019-01-09,DNH
2019-01-09,TSJ
2019-01-09,SVT
2019-01-10,DNH
2019-01-10,SGS
2019-01-10,TSJ
2019-01-11,DNH
2019-01-11,TSJ
2019-01-11,HHC
2019-01-14,TSJ
2019-01-14,HPW
2019-01-14,HHC
2019-01-15,TSJ
2019-01-15,HHC
2019-01-15,SGS
2019-01-16,TSJ
2019-01-16,HHC
2019-01-16,SGS
2019-01-17,SGS
2019-01-17,TSJ
2019-01-17,HHC
2019-01-18,SGS
2019-01-18,TSJ
2019-01-18,MCH
2019-01-21,TSJ
2019-01-21,MCH
2019-01-21,TTD
2019-01-22,TSJ
2019-01-22,MCH
2019-01-22,CMG
2019-01-23,MCH
2019-01-23,TTD
2019-01-23,SGD
2019-01-24,CMG
2019-01-24,ECI
2019-01-24,VNG
2019-01-25,DNH
2019-01-25,MCH
2019-01-25,VNG
2019-01-28,DNH
2019-01-28,MCH
2019-01-28,BED
2019-01-29,MCH
2019-01-29,BED
2019-01-29,DNH
2019-01-30,MCH
2019-01-30,BED
2019-01-30,DNH
2019-01-31,MCH
2019-01-31,BED
2019-01-31,TTT
2019-02-01,EIC
2019-02-01,FDC
2019-02-01,MCH
2019-02-11,C21
2019-02-11,EIC
2019-02-11,FDC
2019-02-12,C21
2019-02-12,EIC
2019-02-12,FDC
2019-02-13,CMG
2019-02-13,EIC
2019-02-13,FDC
2019-02-14,VNG
2019-02-14,CMG
2019-02-14,GEG
2019-02-15,EIC
2019-02-15,CHP
2019-02-15,GEG
2019-02-18,EIC
2019-02-18,CHP
2019-02-18,GEG
2019-02-19,CMG
2019-02-19,HUG
2019-02-19,CHP
2019-02-20,VNG
2019-02-20,CMG
2019-02-20,HUG
2019-02-21,CMG
2019-02-21,HUG
2019-02-21,VNG
2019-02-22,HUG
2019-02-22,AMC
2019-02-22,BSQ
2019-02-25,HUG
2019-02-25,NTC
2019-02-25,TDM
2019-02-26,BWS
2019-02-26,HUG
2019-02-26,NTC
2019-02-27,BWS
2019-02-27,MCH
2019-02-27,TDM
2019-02-28,PPC
2019-02-28,VLA
2019-02-28,BSQ
2019-03-01,VLA
2019-03-01,HUG
2019-03-01,BSQ
2019-03-04,HHC
2019-03-04,VLA
2019-03-04,BSQ
2019-03-05,HHC
2019-03-05,VLA
2019-03-05,VNG
2019-03-06,HHC
2019-03-06,GDW
2019-03-06,VLA
2019-03-07,HHC
2019-03-07,DNW
2019-03-07,VLA
2019-03-08,HHC
2019-03-08,VLA
2019-03-08,VNG
2019-03-11,HHC
2019-03-11,VLA
2019-03-11,NTC
2019-03-12,VLA
2019-03-12,BSQ
2019-03-12,NTC
2019-03-13,GDW
2019-03-13,VLA
2019-03-13,NTC
2019-03-14,HPW
2019-03-14,VLA
2019-03-14,NTC
2019-03-15,GEG
2019-03-15,VNG
2019-03-15,NTC
2019-03-18,GEG
2019-03-18,VLA
2019-03-18,BWS
2019-03-19,TCO
2019-03-19,VLA
2019-03-19,PPC
2019-03-20,VLA
2019-03-20,VNG
2019-03-20,TCO
2019-03-21,VLA
2019-03-21,TCO
2019-03-21,PPC
2019-03-22,SCS
2019-03-22,DPG
2019-03-22,NBW
2019-03-25,BSQ
2019-03-25,DNW
2019-03-25,GVR
2019-03-26,BSQ
2019-03-26,VPD
2019-03-26,DPG
2019-03-27,DPG
2019-03-27,DNW
2019-03-27,VE4
2019-03-28,VE4
2019-03-28,DPG
2019-03-28,SCS
2019-03-29,VE4
2019-03-29,SCS
2019-03-29,DNW
2019-04-01,VE4
2019-04-01,SCS
2019-04-01,NVT
2019-04-02,VE4
2019-04-02,NVT
2019-04-02,SCS
2019-04-03,SCS
2019-04-03,HLD
2019-04-03,DDG
2019-04-04,BRR
2019-04-04,VNG
2019-04-04,DDG
2019-04-05,VNG
2019-04-05,BTW
2019-04-05,NTC
2019-04-08,VNG
2019-04-08,HVH
2019-04-08,NTC
2019-04-09,NTC
2019-04-09,SCS
2019-04-09,CMG
2019-04-10,TDM
2019-04-10,VCF
2019-04-10,SCS
2019-04-11,SCS
2019-04-11,VGR
2019-04-11,DNH
2019-04-12,BWS
2019-04-12,SCS
2019-04-12,DNH
2019-04-16,SCS
2019-04-16,TDM
2019-04-16,TTN
2019-04-17,TDM
2019-04-17,TTN
2019-04-17,SCS
2019-04-18,TDM
2019-04-18,SCS
2019-04-18,HLD
2019-04-19,AST
2019-04-19,HLD
2019-04-19,SCS
2019-04-22,VRG
2019-04-22,TDM
2019-04-22,HLD
2019-04-23,SGN
2019-04-23,TDM
2019-04-23,TV2
2019-04-24,TV2
2019-04-24,HDA
2019-04-24,TDM
2019-04-25,GEG
2019-04-25,VRG
2019-04-25,TDM
2019-04-26,FDC
2019-04-26,TDM
2019-04-26,HVH
2019-05-02,FPT
2019-05-02,GAS
2019-05-02,SCS
2019-05-03,FPT
2019-05-03,GAS
2019-05-03,GEG
2019-05-06,FPT
2019-05-06,HVH
2019-05-06,GEG
2019-05-07,AST
2019-05-07,SCS
2019-05-07,TDM
2019-05-08,DLT
2019-05-08,SCS
2019-05-08,GHC
2019-05-09,ARM
2019-05-09,AST
2019-05-09,GHC
2019-05-10,ARM
2019-05-10,GHC
2019-05-10,DLT
2019-05-13,ARM
2019-05-13,GHC
2019-05-13,HTP
2019-05-14,ARM
2019-05-14,GHC
2019-05-14,HTP
2019-05-15,ARM
2019-05-15,HTP
2019-05-15,IST
2019-05-16,ARM
2019-05-16,HTP
2019-05-16,HVH
2019-05-17,BHN
2019-05-17,HTP
2019-05-17,ARM
2019-05-20,BHN
2019-05-20,HTP
2019-05-20,ARM
2019-05-21,HTP
2019-05-21,ARM
2019-05-21,VCM
2019-05-22,HTP
2019-05-22,ARM
2019-05-22,NAF
2019-05-23,HTP
2019-05-23,NQN
2019-05-23,ARM
2019-05-24,HTP
2019-05-24,VCM
2019-05-24,ARM
2019-05-27,HTP
2019-05-27,VCM
2019-05-27,ARM
2019-05-28,SCS
2019-05-28,HTP
2019-05-28,ARM
2019-05-29,ARM
2019-05-29,HTP
2019-05-29,SZC
2019-05-30,HTP
2019-05-30,SZC
2019-05-30,CMG
2019-05-31,HTP
2019-05-31,HJS
2019-05-31,MVB
2019-06-03,HTP
2019-06-03,NAF
2019-06-03,HJS
2019-06-04,HTP
2019-06-04,NAF
2019-06-04,HJS
2019-06-05,HTP
2019-06-05,HJS
2019-06-05,HLY
2019-06-06,HTP
2019-06-06,DLT
2019-06-06,HJS
2019-06-07,DLT
2019-06-07,NQN
2019-06-07,HTP
2019-06-10,HTP
2019-06-10,QPH
2019-06-10,NAF
2019-06-11,TSJ
2019-06-11,HTP
2019-06-11,NAF
2019-06-12,DLT
2019-06-12,HTP
2019-06-12,NAF
2019-06-13,HLY
2019-06-13,HTP
2019-06-13,NQN
2019-06-14,HTP
2019-06-14,TSJ
2019-06-14,TV4
2019-06-17,HTP
2019-06-17,NQN
2019-06-17,HWS
2019-06-18,HTP
2019-06-18,NQN
2019-06-18,HWS
2019-06-19,HTP
2019-06-19,HLY
2019-06-19,MVB
2019-06-20,HLY
2019-06-20,HTP
2019-06-20,GHC
2019-06-21,HTP
2019-06-21,TSJ
2019-06-21,PDN
2019-06-24,HTP
2019-06-24,PDN
2019-06-24,GHC
2019-06-25,HTP
2019-06-25,PDN
2019-06-25,SGC
2019-06-26,HTP
2019-06-26,PDN
2019-06-26,SCD
2019-06-27,HTP
2019-06-27,HLY
2019-06-27,PDN
2019-06-28,TSJ
2019-06-28,PDN
2019-06-28,HTP
2019-07-01,ACV
2019-07-01,PDN
2019-07-01,NAF
2019-07-02,HOT
2019-07-02,NAF
2019-07-02,LGC
2019-07-03,HOT
2019-07-03,NAF
2019-07-03,MWG
2019-07-04,HOT
2019-07-04,PDN
2019-07-04,MWG
2019-07-05,PDN
2019-07-05,VJC
2019-07-05,MWG
2019-07-08,VJC
2019-07-08,MWG
2019-07-08,PDN
2019-07-09,PDN
2019-07-09,TSJ
2019-07-09,VJC
2019-07-10,HWS
2019-07-10,MWG
2019-07-10,PDN
2019-07-11,HWS
2019-07-11,MWG
2019-07-11,VJC
2019-07-12,VJC
2019-07-12,MWG
2019-07-12,NTC
2019-07-15,NBW
2019-07-15,MWG
2019-07-15,NTC
2019-07-16,NTC
2019-07-16,SZC
2019-07-16,QST
2019-07-17,NTC
2019-07-17,QST
2019-07-17,VJC
2019-07-18,MWG
2019-07-18,NTC
2019-07-18,GSM
2019-07-19,GSM
2019-07-19,HTM
2019-07-19,SZC
2019-07-22,GSM
2019-07-22,SZC
2019-07-22,TSJ
2019-07-23,SZC
2019-07-23,HTM
2019-07-23,PWS
2019-07-24,GEG
2019-07-24,SZC
2019-07-24,SAS
2019-07-25,NBW
2019-07-25,PIS
2019-07-25,TSJ
2019-07-26,NBT
2019-07-26,HDW
2019-07-26,NBW
2019-07-29,MWG
2019-07-29,NBT
2019-07-29,HDW
2019-07-30,MWG
2019-07-30,NBT
2019-07-30,HDW
2019-07-31,GEG
2019-07-31,NBT
2019-07-31,HDW
2019-08-01,HDW
2019-08-01,NET
2019-08-01,SGS
2019-08-02,BDW
2019-08-02,NBW
2019-08-02,HDW
2019-08-05,BDW
2019-08-05,DDG
2019-08-05,SZC
2019-08-06,SZC
2019-08-06,DDG
2019-08-06,HDW
2019-08-07,SZC
2019-08-07,DDG
2019-08-07,NTC
2019-08-08,HOT
2019-08-08,HDW
2019-08-08,SGS
2019-08-09,TCW
2019-08-09,SGS
2019-08-09,TNW
2019-08-12,DVP
2019-08-12,SMB
2019-08-12,TCL
2019-08-13,FPT
2019-08-13,VCM
2019-08-13,DVP
2019-08-14,DDG
2019-08-14,FPT
2019-08-14,VCM
2019-08-15,BTW
2019-08-15,DDG
2019-08-15,VCM
2019-08-16,FPT
2019-08-16,IST
2019-08-16,SGS
2019-08-19,ASP
2019-08-19,VQC
2019-08-19,IST
2019-08-20,FPT
2019-08-20,IST
2019-08-20,HDW
2019-08-21,LWS
2019-08-21,HDW
2019-08-21,TCL
2019-08-22,DDG
2019-08-22,FPT
2019-08-22,LWS
2019-08-23,FPT
2019-08-23,TCL
2019-08-23,DDG
2019-08-26,HWS
2019-08-26,CLX
2019-08-26,HDW
2019-08-27,DAD
2019-08-27,FPT
2019-08-27,CLX
2019-08-28,DAD
2019-08-28,THB
2019-08-28,CLX
2019-08-29,DAD
2019-08-29,TCL
2019-08-29,NBW
2019-08-30,DAD
2019-08-30,KDF
2019-08-30,TCL
2019-09-03,ASP
2019-09-03,TCL
2019-09-03,DDG
2019-09-04,ASP
2019-09-04,DDG
2019-09-04,NBW
2019-09-05,NBW
2019-09-05,EID
2019-09-05,CCR
2019-09-06,EID
2019-09-06,NBW
2019-09-06,CCR
2019-09-09,GMX
2019-09-09,EID
2019-09-09,NBW
2019-09-10,NBW
2019-09-10,CCR
2019-09-10,GTT
2019-09-11,EID
2019-09-11,NBW
2019-09-11,HWS
2019-09-12,EID
2019-09-12,ASP
2019-09-12,GTT
2019-09-13,EID
2019-09-13,FPT
2019-09-13,NAF
2019-09-16,DAE
2019-09-16,FPT
2019-09-16,ASP
2019-09-17,DAE
2019-09-17,GTT
2019-09-17,HEV
2019-09-18,DAE
2019-09-18,FPT
2019-09-18,GTT
2019-09-19,GTT
2019-09-19,MVB
2019-09-19,FPT
2019-09-20,DAD
2019-09-20,FPT
2019-09-20,TSJ
2019-09-23,AMC
2019-09-23,FPT
2019-09-23,GTT
2019-09-24,AMC
2019-09-24,GTT
2019-09-24,FPT
2019-09-25,AMC
2019-09-25,GTT
2019-09-25,NBW
2019-09-26,GTT
2019-09-26,FPT
2019-09-26,NBW
2019-09-27,GTT
2019-09-27,FPT
2019-09-27,NBW
2019-09-30,THB
2019-09-30,DCT
2019-09-30,FPT
2019-10-01,THB
2019-10-01,FDC
2019-10-01,DCT
2019-10-02,THB
2019-10-02,VAV
2019-10-02,FDC
2019-10-03,THB
2019-10-03,DCT
2019-10-03,HDW
2019-10-04,THB
2019-10-04,NNG
2019-10-04,DCT
2019-10-07,HDW
2019-10-07,TSC
2019-10-07,NBW
2019-10-08,DCT
2019-10-08,TSC
2019-10-08,FDC
2019-10-09,TSC
2019-10-09,NNG
2019-10-09,HDW
2019-10-10,NBW
2019-10-10,NNG
2019-10-10,PMW
2019-10-11,GMX
2019-10-11,NBW
2019-10-11,NNG
2019-10-14,GMX
2019-10-14,NNG
2019-10-14,TSC
2019-10-15,NNG
2019-10-15,VNG
2019-10-15,GMX
2019-10-16,PMW
2019-10-16,SBH
2019-10-16,TSC
2019-10-17,HOT
2019-10-17,TSC
2019-10-17,DSN
2019-10-18,CCR
2019-10-18,NNG
2019-10-18,SVI
2019-10-21,SVI
2019-10-21,NNG
2019-10-21,CCR
2019-10-22,SVI
2019-10-22,NNG
2019-10-22,CCR
2019-10-23,DNP
2019-10-23,SVI
2019-10-23,NNG
2019-10-24,CMW
2019-10-24,GMX
2019-10-24,SVI
2019-10-25,CMW
2019-10-25,GMX
2019-10-25,SVI
2019-10-28,SVI
2019-10-28,CMW
2019-10-28,GMX
2019-10-29,DCT
2019-10-29,SVI
2019-10-29,CMW
2019-10-30,TSC
2019-10-30,DCT
2019-10-30,CMW
2019-10-31,TSC
2019-10-31,DCT
2019-10-31,CMW
2019-11-01,TSC
2019-11-01,DCT
2019-11-01,GMX
2019-11-04,DCT
2019-11-04,GMX
2019-11-04,VPG
2019-11-05,MNB
2019-11-05,GMX
2019-11-05,PMW
2019-11-06,MNB
2019-11-06,SVI
2019-11-06,PMW
2019-11-07,MNB
2019-11-07,SVI
2019-11-07,TSC
2019-11-08,MNB
2019-11-08,SVI
2019-11-08,VCP
2019-11-11,MNB
2019-11-11,SVI
2019-11-11,THB
2019-11-12,THB
2019-11-12,NDX
2019-11-12,DAE
2019-11-13,HC3
2019-11-13,THB
2019-11-13,NDX
2019-11-14,HC3
2019-11-14,THB
2019-11-14,PMG
2019-11-15,HC3
2019-11-15,NDX
2019-11-15,THB
2019-11-18,HC3
2019-11-18,ISH
2019-11-18,THB
2019-11-19,HC3
2019-11-19,HNA
2019-11-19,ISH
2019-11-20,HC3
2019-11-20,ISH
2019-11-20,PPE
2019-11-21,HC3
2019-11-21,THB
2019-11-21,AMV
2019-11-22,HC3
2019-11-22,DSN
2019-11-22,BTW
2019-11-25,HC3
2019-11-25,THB
2019-11-25,BTW
2019-11-26,PPE
2019-11-26,BTW
2019-11-26,DSN
2019-11-27,DSN
2019-11-27,QPH
2019-11-27,BSQ
2019-11-28,QPH
2019-11-28,THB
2019-11-28,AMV
2019-11-29,HAD
2019-11-29,QPH
2019-11-29,AMV
2019-12-02,QPH
2019-12-02,BSQ
2019-12-02,HAD
2019-12-03,QPH
2019-12-03,LIX
2019-12-03,BSQ
2019-12-04,AMV
2019-12-04,BSQ
2019-12-04,LIX
2019-12-05,BSQ
2019-12-05,MCH
2019-12-05,LIX
2019-12-06,BSQ
2019-12-06,AMV
2019-12-06,DPR
2019-12-09,BSQ
2019-12-09,LIX
2019-12-09,AMV
2019-12-10,HAF
2019-12-10,PWS
2019-12-10,AMV
2019-12-11,HAF
2019-12-11,AMV
2019-12-11,PWS
2019-12-12,HAF
2019-12-12,PWS
2019-12-12,DPR
2019-12-13,AMV
2019-12-13,PWS
2019-12-13,DPR
2019-12-16,AMV
2019-12-16,HAF
2019-12-16,DPR
2019-12-17,AMV
2019-12-17,DPR
2019-12-17,PWS
2019-12-18,KHA
2019-12-18,PWS
2019-12-18,VCF
2019-12-19,GDW
2019-12-19,AMV
2019-12-19,KHA
2019-12-20,GDW
2019-12-20,AMV
2019-12-20,KHA
2019-12-23,GDW
2019-12-23,AMV
2019-12-23,KHA
2019-12-24,GDW
2019-12-24,AMV
2019-12-24,KHA
2019-12-25,GDW
2019-12-25,DNH
2019-12-25,SKG
2019-12-26,AMV
2019-12-26,DAD
2019-12-26,GDW
2019-12-27,GAB
2019-12-27,DAD
2019-12-27,GDW
2019-12-30,GDW
2019-12-30,HAF
2019-12-30,MNB
2019-12-31,DAD
2019-12-31,GDW
2019-12-31,TDW
2020-01-02,GAB
2020-01-02,GDW
2020-01-02,MNB
2020-01-03,SKG
2020-01-03,GDW
2020-01-03,SDG
2020-01-06,KHA
2020-01-06,SDG
2020-01-06,SKG
2020-01-07,VLA
2020-01-07,SDG
2020-01-07,GDW
2020-01-08,SDG
2020-01-08,GDW
2020-01-08,NBW
2020-01-09,SDG
2020-01-09,GDW
2020-01-09,NAW
2020-01-10,SDG
2020-01-10,GDW
2020-01-10,HTM
2020-01-13,SDG
2020-01-13,GDW
2020-01-13,TDW
2020-01-14,SDG
2020-01-14,GDW
2020-01-14,TDW
2020-01-15,SDG
2020-01-15,TDW
2020-01-15,GDW
2020-01-16,SDG
2020-01-16,TDW
2020-01-16,AVC
2020-01-17,AMC
2020-01-17,SDG
2020-01-17,AVC
2020-01-20,AMC
2020-01-20,SDG
2020-01-20,BTW
2020-01-21,AMC
2020-01-21,BTW
2020-01-21,SDG
2020-01-22,AMC
2020-01-22,BTW
2020-01-22,NED
2020-01-30,BTW
2020-01-30,AMC
2020-01-30,NQN
2020-01-31,BTW
2020-01-31,AMC
2020-01-31,CDN
2020-02-03,CDN
2020-02-03,VCM
2020-02-03,BGW
2020-02-04,VCM
2020-02-04,BGW
2020-02-04,HAF
2020-02-05,VCM
2020-02-05,BGW
2020-02-05,HC3
2020-02-06,VCM
2020-02-06,BGW
2020-02-06,HC3
2020-02-07,HC3
2020-02-07,VCM
2020-02-07,BGW
2020-02-10,BRR
2020-02-10,SDD
2020-02-10,VCM
2020-02-11,SDD
2020-02-11,BTW
2020-02-11,BTP
2020-02-12,BTW
2020-02-12,SDD
2020-02-12,BTP
2020-02-13,BTW
2020-02-13,HND
2020-02-13,SDD
2020-02-14,BTW
2020-02-14,SDD
2020-02-14,HND
2020-02-17,EIC
2020-02-17,HHC
2020-02-17,BTW
2020-02-18,HC3
2020-02-18,HND
2020-02-18,HHC
2020-02-19,HC3
2020-02-19,HHC
2020-02-19,BSG
2020-02-20,HC3
2020-02-20,BSG
2020-02-20,CHS
2020-02-21,HC3
2020-02-21,BSG
2020-02-21,BGW
2020-02-24,BSG
2020-02-24,HC3
2020-02-24,QNC
2020-02-25,BSG
2020-02-25,HC3
2020-02-25,QNC
2020-02-26,QNC
2020-02-26,DXP
2020-02-26,BGW
2020-02-27,DXP
2020-02-27,SAP
2020-02-27,BDT
2020-02-28,DXP
2020-02-28,YEG
2020-02-28,QST
2020-03-02,GSM
2020-03-02,YEG
2020-03-02,BSG
2020-03-03,GSM
2020-03-03,BSG
2020-03-03,SAP
2020-03-04,GSM
2020-03-04,BSG
2020-03-04,HUG
2020-03-05,GSM
2020-03-05,WCS
2020-03-05,BSG
2020-03-06,SAP
2020-03-06,BSG
2020-03-06,VE1
2020-03-09,BSG
2020-03-09,VE1
2020-03-09,WCS
2020-03-10,BSG
2020-03-10,VE1
2020-03-10,BTW
2020-03-11,YEG
2020-03-11,BTW
2020-03-11,VE1
2020-03-12,BTW
2020-03-12,VE1
2020-03-12,YEG
2020-03-13,GDW
2020-03-13,YEG
2020-03-13,BTW
2020-03-16,GDW
2020-03-16,YEG
2020-03-16,BTW
2020-03-17,GDW
2020-03-17,MVB
2020-03-17,BTW
2020-03-18,GDW
2020-03-18,MVB
2020-03-18,BTW
2020-03-19,GDW
2020-03-19,MVB
2020-03-19,BTW
2020-03-20,GDW
2020-03-20,BTW
2020-03-20,VE1
2020-03-23,GDW
2020-03-23,BTW
2020-03-23,VE1
2020-03-24,GDW
2020-03-24,VE1
2020-03-24,BGW
2020-03-25,GDW
2020-03-25,BGW
2020-03-25,CLH
2020-03-26,GDW
2020-03-26,CLH
2020-03-26,IBC
2020-03-27,GDW
2020-03-27,CLH
2020-03-27,IBC
2020-03-30,GDW
2020-03-30,CLH
2020-03-30,IBC
2020-03-31,GDW
2020-03-31,IBC
2020-03-31,CLH
2020-04-01,GDW
2020-04-01,IBC
2020-04-01,CLH
2020-04-03,GDW
2020-04-03,IBC
2020-04-03,BGW
2020-04-06,GDW
2020-04-06,IBC
2020-04-06,BGW
2020-04-07,GDW
2020-04-07,VTX
2020-04-07,IBC
2020-04-08,GDW
2020-04-08,IBC
2020-04-08,VTX
2020-04-09,GDW
2020-04-09,DNH
2020-04-09,VTX
2020-04-10,BTW
2020-04-10,GDW
2020-04-10,DNH
2020-04-13,GDW
2020-04-13,BTW
2020-04-13,DNH
2020-04-14,GDW
2020-04-14,HUG
2020-04-14,VTX
2020-04-15,GDW
2020-04-15,HUG
2020-04-15,BTW
2020-04-16,GDW
2020-04-16,HUG
2020-04-16,BTW
2020-04-17,GDW
2020-04-17,HUG
2020-04-17,LIX
2020-04-20,GDW
2020-04-20,HUG
2020-04-20,CQT
2020-04-21,GDW
2020-04-21,HUG
2020-04-21,VTX
2020-04-22,HUG
2020-04-22,VTX
2020-04-22,CLH
2020-04-23,HUG
2020-04-23,BTP
2020-04-23,CLH
2020-04-24,HUG
2020-04-24,CLH
2020-04-24,BTP
2020-04-27,HUG
2020-04-27,CLH
2020-04-27,VTX
2020-04-28,HUG
2020-04-28,VTX
2020-04-28,BTP
2020-04-29,TMG
2020-04-29,CCR
2020-04-29,BDT
2020-05-04,DNM
2020-05-04,VLW
2020-05-04,SNZ
2020-05-05,DNM
2020-05-05,SHE
2020-05-05,DGC
2020-05-06,DNM
2020-05-06,DGC
2020-05-06,LIX
2020-05-07,DGC
2020-05-07,SHE
2020-05-07,C32
2020-05-08,MTA
2020-05-08,DGC
2020-05-08,CQT
2020-05-11,AMC
2020-05-11,MTA
2020-05-11,DGC
2020-05-12,AMC
2020-05-12,LIX
2020-05-12,DGC
2020-05-13,AMC
2020-05-13,LIX
2020-05-13,DGC
2020-05-14,VLC
2020-05-14,DGC
2020-05-14,LIX
2020-05-15,DGC
2020-05-15,VLW
2020-05-15,LIX
2020-05-18,VLW
2020-05-18,DGC
2020-05-18,KDC
2020-05-19,KDC
2020-05-19,VLW
2020-05-19,DGC
2020-05-20,VLW
2020-05-20,DGC
2020-05-20,VLC
2020-05-21,DGC
2020-05-21,VLW
2020-05-21,HUG
2020-05-22,VLW
2020-05-22,HOT
2020-05-22,DNM
2020-05-25,MTA
2020-05-25,VLW
2020-05-25,HOT
2020-05-26,VLW
2020-05-26,VLC
2020-05-26,TAC
2020-05-27,VLC
2020-05-27,VLW
2020-05-27,TAC
2020-05-28,VLW
2020-05-28,TCL
2020-05-28,CTC
2020-05-29,VLW
2020-05-29,TCL
2020-05-29,VLC
2020-06-01,VLW
2020-06-01,NTC
2020-06-01,TCL
2020-06-02,CTC
2020-06-02,VLW
2020-06-02,HOT
2020-06-03,VLW
2020-06-03,HOT
2020-06-03,MTA
2020-06-04,VLW
2020-06-04,HOT
2020-06-04,MTA
2020-06-05,VLW
2020-06-05,HOT
2020-06-05,NTC
2020-06-08,VLW
2020-06-08,KSB
2020-06-08,MTA
2020-06-09,KSB
2020-06-09,VLW
2020-06-09,BMP
2020-06-10,VLW
2020-06-10,BMP
2020-06-10,TCL
2020-06-11,TCL
2020-06-11,VLW
2020-06-11,TAC
2020-06-12,NS2
2020-06-12,TAC
2020-06-12,TCL
2020-06-15,DGC
2020-06-15,NS2
2020-06-15,VLW
2020-06-16,DGC
2020-06-16,NS2
2020-06-16,TH1
2020-06-17,DGC
2020-06-17,KDC
2020-06-17,NS2
2020-06-18,NS2
2020-06-18,SHE
2020-06-18,TH1
2020-06-19,NCT
2020-06-19,NS2
2020-06-19,TH1
2020-06-22,NS2
2020-06-22,TH1
2020-06-22,VLW
2020-06-23,DGC
2020-06-23,NS2
2020-06-23,TH1
2020-06-24,BMP
2020-06-24,DGC
2020-06-24,NCT
2020-06-25,BMP
2020-06-25,SHE
2020-06-25,TH1
2020-06-26,BMP
2020-06-26,DGC
2020-06-26,KDC
2020-06-29,BMP
2020-06-29,KDC
2020-06-29,NCT
2020-06-30,DGC
2020-06-30,NCT
2020-06-30,TH1
2020-07-01,DGC
2020-07-01,TH1
2020-07-01,VLW
2020-07-02,DGC
2020-07-02,TH1
2020-07-02,VLW
2020-07-03,TH1
2020-07-03,VLW
2020-07-03,DGC
2020-07-06,NCT
2020-07-06,PMG
2020-07-06,TH1
2020-07-07,DGC
2020-07-07,TH1
2020-07-07,VLW
2020-07-08,TH1
2020-07-08,DGC
2020-07-08,KDC
2020-07-09,MH3
2020-07-09,TH1
2020-07-09,DGC
2020-07-10,SHE
2020-07-10,TH1
2020-07-10,DGC
2020-07-13,AMC
2020-07-13,HOT
2020-07-13,KDC
2020-07-14,KDC
2020-07-14,TH1
2020-07-14,HOT
2020-07-15,TH1
2020-07-15,KDC
2020-07-15,MH3
2020-07-16,HOT
2020-07-16,TH1
2020-07-16,KDC
2020-07-17,GTN
2020-07-17,TH1
2020-07-17,MH3
2020-07-20,SDN
2020-07-20,MH3
2020-07-20,NAW
2020-07-21,KDC
2020-07-21,HOT
2020-07-21,SDN
2020-07-22,HOT
2020-07-22,KDC
2020-07-22,SDN
2020-07-23,HOT
2020-07-23,SDN
2020-07-23,TDM
2020-07-24,HOT
2020-07-24,MTA
2020-07-24,SDN
2020-07-27,SDN
2020-07-27,GTN
2020-07-27,KDC
2020-07-28,SDN
2020-07-28,DGC
2020-07-28,NAW
2020-07-29,SDN
2020-07-29,MTA
2020-07-29,NAW
2020-07-30,DNM
2020-07-30,NAW
2020-07-30,BTV
2020-07-31,NAW
2020-07-31,BTV
2020-07-31,TTD
2020-08-03,NAW
2020-08-03,SAP
2020-08-03,TTD
2020-08-04,DTD
2020-08-04,SAP
2020-08-04,KDC
2020-08-05,DTD
2020-08-05,DNM
2020-08-05,KDC
2020-08-06,DTD
2020-08-06,KDC
2020-08-06,SAP
2020-08-07,KDC
2020-08-07,SIC
2020-08-07,GIL
2020-08-10,GIL
2020-08-10,KDC
2020-08-10,KST
2020-08-11,GIL
2020-08-11,KDC
2020-08-11,NET
2020-08-12,HJS
2020-08-12,LHC
2020-08-12,GIL
2020-08-13,DTD
2020-08-13,SPM
2020-08-13,LHC
2020-08-14,SPM
2020-08-14,GIL
2020-08-14,LHC
2020-08-17,DTD
2020-08-17,GIL
2020-08-17,SPM
2020-08-18,GIL
2020-08-18,LHC
2020-08-18,SPM
2020-08-19,SWC
2020-08-19,SPM
2020-08-19,LHC
2020-08-20,DTD
2020-08-20,LHC
2020-08-20,SPM
2020-08-21,DNH
2020-08-21,DNA
2020-08-21,DTD
2020-08-24,DNH
2020-08-24,CRE
2020-08-24,DNA
2020-08-25,DNH
2020-08-25,ISH
2020-08-25,DTD
2020-08-26,ISH
2020-08-26,CDN
2020-08-26,DNH
2020-08-27,CRE
2020-08-27,ISH
2020-08-27,DNH
2020-08-28,DNA
2020-08-28,SIC
2020-08-28,DNH
2020-08-31,CRE
2020-08-31,DNA
2020-08-31,IDC
2020-09-01,CRE
2020-09-01,DNA
2020-09-01,DXP
2020-09-03,CRE
2020-09-03,DNA
2020-09-03,TV4
2020-09-04,DNA
2020-09-04,PCG
2020-09-04,DNH
2020-09-07,DNA
2020-09-07,CRE
2020-09-07,PCG
2020-09-08,IDC
2020-09-08,DNA
2020-09-08,PGC
2020-09-09,DNA
2020-09-09,PGC
2020-09-09,SBA
2020-09-10,IDC
2020-09-10,DNA
2020-09-10,TV4
2020-09-11,EBS
2020-09-11,IDC
2020-09-11,DNA
2020-09-14,EBS
2020-09-14,DNH
2020-09-14,SAP
2020-09-15,EBS
2020-09-15,ISH
2020-09-15,ADP
2020-09-16,EBS
2020-09-16,IDC
2020-09-16,ADP
2020-09-17,IDC
2020-09-17,SIC
2020-09-17,ADP
2020-09-18,SIC
2020-09-18,ADP
2020-09-18,IDC
2020-09-21,CRE
2020-09-21,IDC
2020-09-21,SIC
2020-09-22,DNA
2020-09-22,ADP
2020-09-22,CRE
2020-09-23,DNA
2020-09-23,ADP
2020-09-23,CRE
2020-09-24,PGC
2020-09-24,PHN
2020-09-24,SBA
2020-09-25,IDC
2020-09-25,EBS
2020-09-25,KDC
2020-09-28,EBS
2020-09-28,TMP
2020-09-28,GIL
2020-09-29,PGC
2020-09-29,VNC
2020-09-29,GIL
2020-09-30,PGC
2020-09-30,ISH
2020-09-30,EBS
2020-10-01,ISH
2020-10-01,TMP
2020-10-01,EBS
2020-10-02,ISH
2020-10-02,SIC
2020-10-02,DHA
2020-10-05,PGC
2020-10-05,DVP
2020-10-05,EBS
2020-10-06,BHN
2020-10-06,DVP
2020-10-06,EBS
2020-10-07,EBS
2020-10-07,GIL
2020-10-07,IDC
2020-10-08,GIL
2020-10-08,HPW
2020-10-08,SVI
2020-10-09,BHN
2020-10-09,GIL
2020-10-09,SVI
2020-10-12,SVI
2020-10-12,VNC
2020-10-12,IDC
2020-10-13,DVP
2020-10-13,PGC
2020-10-13,SAV
2020-10-14,VNC
2020-10-14,GIL
2020-10-14,SVI
2020-10-15,VCF
2020-10-15,DTD
2020-10-15,FDC
2020-10-16,SAV
2020-10-16,SBA
2020-10-16,FDC
2020-10-19,SAV
2020-10-19,DNA
2020-10-19,SBA
2020-10-20,SBA
2020-10-20,DNA
2020-10-20,SAP
2020-10-21,SAV
2020-10-21,DNA
2020-10-21,HAD
2020-10-22,DNA
2020-10-22,NTC
2020-10-22,VSC
2020-10-23,DNA
2020-10-23,NTC
2020-10-23,SRA
2020-10-26,VSC
2020-10-26,DNA
2020-10-26,SEB
2020-10-27,IDC
2020-10-27,VSC
2020-10-27,DNA
2020-10-28,DNA
2020-10-28,DNH
2020-10-28,PHN
2020-10-29,DNA
2020-10-29,DNH
2020-10-29,SVI
2020-10-30,DNH
2020-10-30,SAV
2020-10-30,TPH
2020-11-02,GDW
2020-11-02,SVI
2020-11-02,DNH
2020-11-03,GDW
2020-11-03,NHT
2020-11-03,SVI
2020-11-04,IDC
2020-11-04,DNH
2020-11-04,SVI
2020-11-05,GDW
2020-11-05,IDC
2020-11-05,DNH
2020-11-06,GDW
2020-11-06,NHT
2020-11-06,DNH
2020-11-09,NHT
2020-11-09,DNH
2020-11-09,HJS
2020-11-10,NHT
2020-11-10,DNH
2020-11-10,DRI
2020-11-11,NHT
2020-11-11,PGC
2020-11-11,DNH
2020-11-12,DGC
2020-11-12,PGC
2020-11-12,DNH
2020-11-13,DGC
2020-11-13,TPH
2020-11-13,DNH
2020-11-16,DGC
2020-11-16,DNH
2020-11-16,GVR
2020-11-17,NHT
2020-11-17,DNH
2020-11-17,DWS
2020-11-18,DWS
2020-11-18,GVR
2020-11-18,MNB
2020-11-19,DWS
2020-11-19,DNH
2020-11-19,IDC
2020-11-20,IDC
2020-11-20,MCH
2020-11-20,MSH
2020-11-23,DNH
2020-11-23,NHT
2020-11-23,PVP
2020-11-24,GVR
2020-11-24,PVP
2020-11-24,VSC
2020-11-25,CRE
2020-11-25,DHC
2020-11-25,PVP
2020-11-26,CRE
2020-11-26,GVR
2020-11-26,VGR
2020-11-27,TSJ
2020-11-27,SGP
2020-11-27,VGR
2020-11-30,GVR
2020-11-30,SGP
2020-11-30,TSJ
2020-12-01,MCH
2020-12-01,VGR
2020-12-01,CAP
2020-12-02,CAP
2020-12-02,HAD
2020-12-02,HAH
2020-12-03,HAD
2020-12-03,GMD
2020-12-03,IDC
2020-12-04,HAD
2020-12-04,PHP
2020-12-04,DRI
2020-12-07,ADP
2020-12-07,CAP
2020-12-07,GVR
2020-12-08,GAS
2020-12-08,VLC
2020-12-08,AMC
2020-12-09,IDC
2020-12-09,SGC
2020-12-09,AMC
2020-12-10,DHC
2020-12-10,GAS
2020-12-10,HAH
2020-12-11,DHC
2020-12-11,SGC
2020-12-11,GVR
2020-12-14,MH3
2020-12-14,SGC
2020-12-14,SZB
2020-12-15,BBC
2020-12-15,MH3
2020-12-15,SGC
2020-12-16,BBC
2020-12-16,IDC
2020-12-16,SGC
2020-12-17,BDT
2020-12-17,IDC
2020-12-17,SGC
2020-12-18,BAX
2020-12-18,HAD
2020-12-18,HAH
2020-12-21,BCF
2020-12-21,CRE
2020-12-21,GIL
2020-12-22,BCF
2020-12-22,BDT
2020-12-22,FOX
2020-12-23,BDT
2020-12-23,GIL
2020-12-23,GMD
2020-12-24,QNS
2020-12-24,BCF
2020-12-24,CAP
2020-12-25,BDT
2020-12-25,CRE
2020-12-25,QNS
2020-12-28,VGR
2020-12-28,BAX
2020-12-28,BCF
2020-12-29,CLX
2020-12-29,VSC
2020-12-29,BAX
2020-12-30,TTA
2020-12-30,CAP
2020-12-30,CCI
2020-12-31,BDT
2020-12-31,CAP
2020-12-31,YBM
2021-01-04,AMV
2021-01-04,BDT
2021-01-04,MCH
2021-01-05,CMG
2021-01-05,EID
2021-01-05,MCH
2021-01-06,CMG
2021-01-06,FPT
2021-01-06,SCL
2021-01-07,EID
2021-01-07,SZC
2021-01-07,VTO
2021-01-08,CDN
2021-01-08,DHC
2021-01-08,GVR
2021-01-11,DAE
2021-01-11,DHC
2021-01-11,FPT
2021-01-12,DHC
2021-01-12,EID
2021-01-12,STC
2021-01-13,EID
2021-01-13,GMD
2021-01-13,SKG
2021-01-14,GAS
2021-01-14,LBM
2021-01-14,PVP
2021-01-15,CDN
2021-01-15,TTA
2021-01-15,CAP
2021-01-18,CDN
2021-01-18,DAE
2021-01-18,EID
2021-01-19,CAP
2021-01-19,CDN
2021-01-19,DGC
2021-01-20,CAP
2021-01-20,BDW
2021-01-20,BTV
2021-01-21,PVP
2021-01-21,GVR
2021-01-21,VTO
2021-01-22,DHC
2021-01-22,HTI
2021-01-22,VTO
2021-01-25,NHH
2021-01-25,VTO
2021-01-25,FPT
2021-01-26,NHH
2021-01-26,SGP
2021-01-26,VGI
2021-01-27,TV4
2021-01-27,ADP
2021-01-27,HTI
2021-01-28,HTI
2021-01-28,SEB
2021-01-28,SGP
2021-01-29,SEB
2021-01-29,BDW
2021-01-29,BTV
2021-02-01,SZC
2021-02-01,BDW
2021-02-01,BTT
2021-02-02,BDW
2021-02-02,BTT
2021-02-02,SEB
2021-02-03,PGT
2021-02-03,BDW
2021-02-03,BTT
2021-02-04,PDC
2021-02-04,BDW
2021-02-04,BTT
2021-02-05,PDC
2021-02-05,BDW
2021-02-05,FPT
2021-02-08,PGT
2021-02-08,NHA
2021-02-08,DIC
2021-02-09,PDC
2021-02-09,SEB
2021-02-09,CAP
2021-02-17,SEB
2021-02-17,CAP
2021-02-17,BDW
2021-02-18,CAP
2021-02-18,SEB
2021-02-18,FPT
2021-02-19,FPT
2021-02-19,BTT
2021-02-19,BSG
2021-02-22,HPW
2021-02-22,BTT
2021-02-22,FPT
2021-02-23,BST
2021-02-23,BTT
2021-02-23,FPT
2021-02-24,BTT
2021-02-24,HWS
2021-02-24,PIC
2021-02-25,LBM
2021-02-25,SEB
2021-02-25,SAV
2021-02-26,DGC
2021-02-26,LBM
2021-02-26,SEB
2021-03-01,NVT
2021-03-01,DGC
2021-03-01,SEB
2021-03-02,DGC
2021-03-02,RAL
2021-03-02,SEB
2021-03-03,RAL
2021-03-03,SEB
2021-03-03,DGC
2021-03-04,DDV
2021-03-04,SEB
2021-03-04,DTA
2021-03-05,RAL
2021-03-05,SEB
2021-03-05,LBM
2021-03-08,LBM
2021-03-08,SEB
2021-03-08,HPW
2021-03-09,DTA
2021-03-09,LBM
2021-03-09,PGT
2021-03-10,HVT
2021-03-10,LBM
2021-03-10,NVT
2021-03-11,HVT
2021-03-11,DS3
2021-03-11,DTA
2021-03-12,PGT
2021-03-12,DS3
2021-03-12,DTA
2021-03-15,PGT
2021-03-15,RAL
2021-03-15,DHC
2021-03-16,DHC
2021-03-16,RAL
2021-03-16,DS3
2021-03-17,DHC
2021-03-17,SAV
2021-03-17,ALT
2021-03-18,DHC
2021-03-18,RAL
2021-03-18,SAV
2021-03-19,DHC
2021-03-19,RAL
2021-03-19,SBM
2021-03-22,PDC
2021-03-22,RAL
2021-03-22,SBM
2021-03-23,FOX
2021-03-23,GDW
2021-03-23,RAL
2021-03-24,HDW
2021-03-24,TSC
2021-03-24,GDW
2021-03-25,HDW
2021-03-25,TSC
2021-03-25,GDW
2021-03-26,HDW
2021-03-26,NHA
2021-03-26,FOX
2021-03-29,HDW
2021-03-29,NHA
2021-03-29,FOX
2021-03-30,DTA
2021-03-30,FOC
2021-03-30,FOX
2021-03-31,DTA
2021-03-31,HVT
2021-03-31,IBC
2021-04-01,DTA
2021-04-01,FOC
2021-04-01,GDW
2021-04-02,DTA
2021-04-02,FOC
2021-04-02,FOX
2021-04-05,FOX
2021-04-05,GDW
2021-04-05,IBC
2021-04-06,FOX
2021-04-06,CAP
2021-04-06,GDW
2021-04-07,DHC
2021-04-07,AMC
2021-04-07,DTA
2021-04-08,DTA
2021-04-08,FOC
2021-04-08,QPH
2021-04-09,DHC
2021-04-09,FOC
2021-04-09,QPH
2021-04-12,DTA
2021-04-12,FOC
2021-04-12,GDW
2021-04-13,GDW
2021-04-13,HVT
2021-04-13,IBC
2021-04-14,GDW
2021-04-14,HVT
2021-04-14,DHC
2021-04-15,GDW
2021-04-15,DHC
2021-04-15,HVT
2021-04-16,AMC
2021-04-16,GDW
2021-04-16,DHC
2021-04-19,HID
2021-04-19,HVT
2021-04-19,TSC
2021-04-20,DHC
2021-04-20,HVT
2021-04-20,AMC
2021-04-22,CRE
2021-04-22,IBC
2021-04-22,AMC
2021-04-23,DHC
2021-04-23,SDN
2021-04-23,CRE
2021-04-26,AMC
2021-04-26,DHC
2021-04-26,CRE
2021-04-27,AMC
2021-04-27,DHC
2021-04-27,HVT
2021-04-28,AMC
2021-04-28,CRE
2021-04-28,DHC
2021-04-29,AMC
2021-04-29,S72
2021-04-29,DHC
2021-05-04,DHC
2021-05-04,KDC
2021-05-04,GIL
2021-05-05,GIL
2021-05-05,HVT
2021-05-05,KDC
2021-05-06,HVT
2021-05-06,KDC
2021-05-06,IBC
2021-05-07,KDC
2021-05-07,HVT
2021-05-07,PTE
2021-05-10,GLT
2021-05-10,HVT
2021-05-10,KDC
2021-05-11,GLT
2021-05-11,HVT
2021-05-11,KDC
2021-05-12,HVT
2021-05-12,KDC
2021-05-12,HPW
2021-05-13,HVT
2021-05-13,TBC
2021-05-13,KDC
2021-05-14,HVT
2021-05-14,KDC
2021-05-14,SWC
2021-05-17,HVT
2021-05-17,KDC
2021-05-17,MCH
2021-05-18,HVT
2021-05-18,MCH
2021-05-18,TBC
2021-05-19,MCH
2021-05-19,TBC
2021-05-19,DRG
2021-05-20,DRG
2021-05-20,MCH
2021-05-20,TBC
2021-05-21,MCH
2021-05-21,FPT
2021-05-21,NAF
2021-05-24,NAF
2021-05-24,FPT
2021-05-24,HVT
2021-05-25,NAF
2021-05-25,NTP
2021-05-25,FPT
2021-05-26,MCH
2021-05-26,FOX
2021-05-26,FPT
2021-05-27,TCL
2021-05-27,FPT
2021-05-27,MCH
2021-05-28,NTP
2021-05-28,KST
2021-05-28,TBC
2021-05-31,DHC
2021-05-31,KST
2021-05-31,MCH
2021-06-01,MCH
2021-06-01,NTP
2021-06-01,DHC
2021-06-02,DHC
2021-06-02,HDW
2021-06-02,KST
2021-06-03,DHC
2021-06-03,KDC
2021-06-03,SVG
2021-06-04,DHC
2021-06-04,NTP
2021-06-04,KDC
2021-06-07,HDW
2021-06-07,HTM
2021-06-07,NTP
2021-06-08,NTP
2021-06-08,TSJ
2021-06-08,HDW
2021-06-09,DNH
2021-06-09,KDC
2021-06-09,VPG
2021-06-10,DNH
2021-06-10,KDC
2021-06-10,VPG
2021-06-11,DNH
2021-06-11,NTP
2021-06-11,EMS
2021-06-14,DNH
2021-06-14,KDC
2021-06-14,NTP
2021-06-15,NAF
2021-06-15,DNH
2021-06-15,EMS
2021-06-16,NAF
2021-06-16,TCL
2021-06-16,EMS
2021-06-17,NTP
2021-06-17,DNH
2021-06-17,NAF
2021-06-18,LWS
2021-06-18,DHC
2021-06-18,DNH
2021-06-21,TCL
2021-06-21,DHC
2021-06-21,DNH
2021-06-22,DHC
2021-06-22,NTP
2021-06-22,DNH
2021-06-23,NAF
2021-06-23,DHC
2021-06-23,SBM
2021-06-24,NTP
2021-06-24,PHP
2021-06-24,DHC
2021-06-25,NAF
2021-06-25,NTP
2021-06-25,QPH
2021-06-28,NAF
2021-06-28,NTP
2021-06-28,TCL
2021-06-29,NAF
2021-06-29,NTP
2021-06-29,TCL
2021-06-30,DNH
2021-06-30,NAF
2021-06-30,TCL
2021-07-01,DNH
2021-07-01,NAF
2021-07-01,MVB
2021-07-02,DNH
2021-07-02,CCR
2021-07-02,NAF
2021-07-05,DNH
2021-07-05,NAF
2021-07-05,HAH
2021-07-06,DNH
2021-07-06,TCL
2021-07-06,HAH
2021-07-07,DNH
2021-07-07,DPD
2021-07-07,TCL
2021-07-08,DNH
2021-07-08,DPD
2021-07-08,TCL
2021-07-09,DNH
2021-07-09,TCL
2021-07-09,DPD
2021-07-12,DNH
2021-07-12,HAH
2021-07-12,DPD
2021-07-13,DNH
2021-07-13,DPD
2021-07-13,HAH
2021-07-14,DNH
2021-07-14,HDW
2021-07-14,DPD
2021-07-15,DNH
2021-07-15,KDC
2021-07-15,HDW
2021-07-16,DNH
2021-07-16,HDW
2021-07-16,DPD
2021-07-19,HAH
2021-07-19,DNH
2021-07-19,HDW
2021-07-20,VSC
2021-07-20,DNH
2021-07-20,HDW
2021-07-21,DNH
2021-07-21,HDW
2021-07-21,DPD
2021-07-22,DNH
2021-07-22,LWS
2021-07-22,VSC
2021-07-23,VPG
2021-07-23,DNH
2021-07-23,LWS
2021-07-26,DNH
2021-07-26,LWS
2021-07-26,DPD
2021-07-27,DNH
2021-07-27,LWS
2021-07-27,VPG
2021-07-28,QPH
2021-07-28,DNH
2021-07-28,LWS
2021-07-29,QPH
2021-07-29,LWS
2021-07-29,NAF
2021-07-30,LWS
2021-07-30,QPH
2021-07-30,DNH
2021-08-02,VSC
2021-08-02,BED
2021-08-02,LWS
2021-08-03,LWS
2021-08-03,VPG
2021-08-03,CMG
2021-08-04,LWS
2021-08-04,VPG
2021-08-04,CMG
2021-08-05,VSC
2021-08-05,LWS
2021-08-05,HPI
2021-08-06,MVN
2021-08-06,LWS
2021-08-06,HPI
2021-08-09,LWS
2021-08-09,VOS
2021-08-09,HPI
2021-08-10,LWS
2021-08-10,HPI
2021-08-10,CMG
2021-08-11,SGP
2021-08-11,LWS
2021-08-11,PHP
2021-08-12,BBC
2021-08-12,SWC
2021-08-12,TNH
2021-08-13,BCC
2021-08-13,VSH
2021-08-13,HT1
2021-08-16,INN
2021-08-16,TNH
2021-08-16,VSC
2021-08-17,INN
2021-08-17,VPG
2021-08-17,VSC
2021-08-18,CAG
2021-08-18,VPG
2021-08-18,HAH
2021-08-19,VPG
2021-08-19,DXP
2021-08-19,HAH
2021-08-20,VPG
2021-08-20,HT1
2021-08-20,AVC
2021-08-23,HAH
2021-08-23,LWS
2021-08-23,VPG
2021-08-24,HAH
2021-08-24,LWS
2021-08-24,BED
2021-08-25,DAD
2021-08-25,LWS
2021-08-25,BED
2021-08-26,LWS
2021-08-26,BED
2021-08-26,HAH
2021-08-27,HAH
2021-08-27,LWS
2021-08-27,VOS
2021-08-30,HAH
2021-08-30,QPH
2021-08-30,VPG
2021-08-31,DGC
2021-08-31,QPH
2021-08-31,LWS
2021-09-01,QPH
2021-09-01,LWS
2021-09-01,SJD
2021-09-06,CMG
2021-09-06,DAD
2021-09-06,SVG
2021-09-07,DGC
2021-09-07,DTA
2021-09-07,DAD
2021-09-08,VNA
2021-09-08,DAD
2021-09-08,DGC
2021-09-09,CMG
2021-09-09,DTA
2021-09-09,DGC
2021-09-10,DTA
2021-09-10,CLX
2021-09-10,HT1
2021-09-13,CLX
2021-09-13,PPS
2021-09-13,PSP
2021-09-14,DAD
2021-09-14,PTS
2021-09-14,AMC
2021-09-15,DAD
2021-09-15,CQT
2021-09-15,PTS
2021-09-16,DAD
2021-09-16,CAG
2021-09-16,CLX
2021-09-17,ASP
2021-09-17,MVB
2021-09-17,PSP
2021-09-20,HT1
2021-09-20,PPS
2021-09-20,SVG
2021-09-21,NNG
2021-09-21,PPS
2021-09-21,SVG
2021-09-22,CLH
2021-09-22,HAH
2021-09-22,PPS
2021-09-23,EID
2021-09-23,EMS
2021-09-23,HAH
2021-09-24,EID
2021-09-24,IPA
2021-09-24,PGC
2021-09-27,DGC
2021-09-27,EID
2021-09-27,ASP
2021-09-28,DGC
2021-09-28,DTA
2021-09-28,NCT
2021-09-29,DTA
2021-09-29,EMS
2021-09-29,NCT
2021-09-30,DTA
2021-09-30,SCL
2021-09-30,VOS
2021-10-01,CLH
2021-10-01,PGC
2021-10-01,VPD
2021-10-04,CLH
2021-10-04,DGC
2021-10-04,VOS
2021-10-05,CLH
2021-10-05,IDC
2021-10-05,BCC
2021-10-06,DCM
2021-10-06,SHP
2021-10-06,TV4
2021-10-07,APP
2021-10-07,CHP
2021-10-07,GAS
2021-10-08,DCM
2021-10-08,SHP
2021-10-08,PGC
2021-10-11,HSM
2021-10-11,CMG
2021-10-11,HTI
2021-10-12,DSN
2021-10-12,HT1
2021-10-12,DCM
2021-10-13,BCC
2021-10-13,HT1
2021-10-13,SHP
2021-10-14,DGC
2021-10-14,PTS
2021-10-14,SBA
2021-10-15,CLH
2021-10-15,CMG
2021-10-15,ISH
2021-10-18,HT1
2021-10-18,MCM
2021-10-18,CLH
2021-10-19,CBI
2021-10-19,GAS
2021-10-19,MCM
2021-10-20,SJD
2021-10-20,CHP
2021-10-20,DCM
2021-10-21,CLH
2021-10-21,DCM
2021-10-21,NED
2021-10-22,CLH
2021-10-22,SHP
2021-10-22,GHC
2021-10-25,KTS
2021-10-25,SEB
2021-10-25,SHP
2021-10-26,CLX
2021-10-26,SHP
2021-10-26,CLH
2021-10-27,BCC
2021-10-27,SHP
2021-10-27,VPD
2021-10-28,SHP
2021-10-28,CLH
2021-10-28,CLX
2021-10-29,CBI
2021-10-29,BSH
2021-10-29,GHC
2021-11-01,GAS
2021-11-01,GKM
2021-11-01,CBI
2021-11-02,GKM
2021-11-02,HUT
2021-11-02,DHA
2021-11-03,KSD
2021-11-03,DHA
2021-11-03,DS3
2021-11-04,KST
2021-11-04,HID
2021-11-04,HVT
2021-11-05,CLH
2021-11-05,HID
2021-11-05,HVT
2021-11-08,HID
2021-11-08,KST
2021-11-08,SHP
2021-11-09,GKM
2021-11-09,HID
2021-11-09,HVT
2021-11-10,CLX
2021-11-10,HVT
2021-11-10,NDT
2021-11-11,NDT
2021-11-11,TDM
2021-11-11,DTD
2021-11-12,NCT
2021-11-12,STG
2021-11-12,X20
2021-11-15,HUT
2021-11-15,HVT
2021-11-15,KSD
2021-11-16,TDM
2021-11-16,X20
2021-11-16,HNF
2021-11-17,CLH
2021-11-17,HNF
2021-11-17,HUT
2021-11-18,HNF
2021-11-18,TID
2021-11-18,NCT
2021-11-19,BPW
2021-11-19,MSH
2021-11-19,SCL
2021-11-22,BPW
2021-11-22,SCL
2021-11-22,SP2
2021-11-23,BPW
2021-11-23,MSH
2021-11-23,SCL
2021-11-24,BPW
2021-11-24,CAP
2021-11-24,IDC
2021-11-25,BPW
2021-11-25,TNH
2021-11-25,KSD
2021-11-26,BPW
2021-11-26,KSD
2021-11-26,S4A
2021-11-29,BPW
2021-11-29,CAP
2021-11-29,BSH
2021-11-30,BPW
2021-11-30,S4A
2021-11-30,BSH
2021-12-01,BPW
2021-12-01,CAP
2021-12-01,HUT
2021-12-02,CAP
2021-12-02,LBM
2021-12-02,TPH
2021-12-03,CHP
2021-12-03,LBM
2021-12-03,CMD
2021-12-06,CMD
2021-12-06,KHP
2021-12-06,BSH
2021-12-07,LBM
2021-12-07,CMD
2021-12-07,HTP
2021-12-08,HUT
2021-12-08,LBM
2021-12-08,CMD
2021-12-09,TNH
2021-12-09,HUT
2021-12-09,LBM
2021-12-10,CHP
2021-12-10,LBM
2021-12-10,TNH
2021-12-13,TNH
2021-12-13,CHP
2021-12-13,HUT
2021-12-14,LBM
2021-12-14,CHP
2021-12-14,HUT
2021-12-15,LBM
2021-12-15,CHP
2021-12-15,HUT
2021-12-16,CHP
2021-12-16,HUT
2021-12-16,NBW
2021-12-17,HUT
2021-12-17,LBM
2021-12-17,POW
2021-12-20,CHP
2021-12-20,SID
2021-12-20,NNG
2021-12-21,CHP
2021-12-21,LBM
2021-12-21,POW
2021-12-22,CHP
2021-12-22,GKM
2021-12-22,LBM
2021-12-23,CHP
2021-12-23,HID
2021-12-23,LBM
2021-12-24,CMD
2021-12-24,POW
2021-12-24,HID
2021-12-27,HPI
2021-12-27,CMD
2021-12-27,ARM
2021-12-28,ARM
2021-12-28,GKM
2021-12-28,HUT
2021-12-29,HUT
2021-12-29,ARM
2021-12-29,HMH
2021-12-30,ARM
2021-12-30,HUT
2021-12-30,SGH
2021-12-31,SGH
2021-12-31,GKM
2021-12-31,ARM
